8880613600151006321101,WTL1301M
CND61150J5,P4G35EA
CND61159D6,P4G35EA
NA,
00290761198011001488,WAB1606SZA
3TE40M18097301FB7A53966,HX40N2176F
3te43m18262001fdpa50547,43A6100UW
3TE32M17325601GDUA57409,HX32N2176H
S012535690G,10228993
ghsergse21ererg,HN49N2176F
ACTIVE3090217,Active 3 in 1 High Chair - Honeycomb
7661559653181030460701,DDW175
DTD2581810023506,DTD258
7170241100184005610301,DWD316
052572 A,LYLAOTTOPUBLK2Y
SGS15SGSG,DDW147
dtd2591810078506,DTD259
00289730197051001179,KGN36NL3
6BURNER2712,Le Classique
00LB3FBJ600336,